
INSERT INTO public.person
(id, username, last_name, first_name, phone_num, email, reports_to_id, "role", account_status, created_by, created_on, updated_by, updated_on)
VALUES(1, 'admin1', 'Admin1', 'Joe', '', '', 2, 'ROLE_ADMIN', 1, 'System', '2020-06-20 00:00:00.000', 'Joe Admin1', '2020-11-16 10:49:26.792');
INSERT INTO public.person
(id, username, last_name, first_name, phone_num, email, reports_to_id, "role", account_status, created_by, created_on, updated_by, updated_on)
VALUES(2, 'manager1', 'Manager1', 'Karen', '', '', NULL, 'ROLE_MANAGER', 1, 'Joe Admin1', '2020-11-15 22:36:24.978', 'Joe Admin1', '2020-11-16 11:03:36.291');
INSERT INTO public.person
(id, username, last_name, first_name, phone_num, email, reports_to_id, "role", account_status, created_by, created_on, updated_by, updated_on)
VALUES(3, 'user1', 'User1', 'Greg', '', '', 2, 'ROLE_USER', 1, 'Joe Admin1', '2020-11-15 22:38:04.421', 'Joe Admin1', '2020-11-16 09:12:12.793');
INSERT INTO public.person
(id, username, last_name, first_name, phone_num, email, reports_to_id, "role", account_status, created_by, created_on, updated_by, updated_on)
VALUES(4, 'manager2', 'Manager2', 'Bryan', '', '', NULL, 'ROLE_MANAGER', 1, 'Joe Admin1', '2020-11-16 15:03:41.604', 'Joe Admin1', '2020-11-16 15:05:06.322');
INSERT INTO public.person
(id, username, last_name, first_name, phone_num, email, reports_to_id, "role", account_status, created_by, created_on, updated_by, updated_on)
VALUES(5, 'user2', 'User2', 'Nicole', '', '', 2, 'ROLE_USER', 1, 'Joe Admin1', '2020-11-16 15:05:06.292', 'Joe Admin1', '2020-11-16 15:07:58.796');


insert into public.person_credential (person_id, password) values(1, 'pass');
insert into public.person_credential (person_id, password) values(2, 'pass');
insert into public.person_credential (person_id, password) values(3, 'pass');
insert into public.person_credential (person_id, password) values(4, 'pass');
insert into public.person_credential (person_id, password) values(5, 'pass');

INSERT INTO public.project
(id, "name", description, created_on, created_by, updated_on, updated_by, person_id)
VALUES(1, 'MyWorld', 'MyWorld project', '2020-11-15 22:29:55.728', 'Joe Admin1', '2020-11-15 22:29:55.728', 'Joe Admin1', NULL);
INSERT INTO public.project
(id, "name", description, created_on, created_by, updated_on, updated_by, person_id)
VALUES(2, 'MDM', 'Master Data Management', '2020-11-15 22:30:08.321', 'Joe Admin1', '2020-11-15 22:30:08.321', 'Joe Admin1', NULL);
INSERT INTO public.project
(id, "name", description, created_on, created_by, updated_on, updated_by, person_id)
VALUES(3, 'Sales Force Integration', 'Sales Force Integration', '2020-11-15 22:30:41.479', 'Joe Admin1', '2020-11-15 22:30:41.479', 'Joe Admin1', NULL);
INSERT INTO public.project
(id, "name", description, created_on, created_by, updated_on, updated_by, person_id)
VALUES(4, 'OAuth Migration', 'OAuth Migration', '2020-11-15 22:31:37.869', 'Joe Admin1', '2020-11-15 22:31:37.869', 'Joe Admin1', NULL);
INSERT INTO public.project
(id, "name", description, created_on, created_by, updated_on, updated_by, person_id)
VALUES(5, 'Audit Tools', 'Audit Tools', '2020-11-15 22:35:31.531', 'Joe Admin1', '2020-11-16 11:12:27.610', 'Joe Admin1', NULL);

INSERT INTO public.person_project
(id, person_id, project_id)
VALUES(1, 5, 2);
INSERT INTO public.person_project
(id, person_id, project_id)
VALUES(2, 5, 5);
INSERT INTO public.person_project
(id, person_id, project_id)
VALUES(3, 3, 2);
INSERT INTO public.person_project
(id, person_id, project_id)
VALUES(4, 3, 3);
INSERT INTO public.person_project
(id, person_id, project_id)
VALUES(5, 3, 4);
INSERT INTO public.person_project
(id, person_id, project_id)
VALUES(6, 3, 1);
INSERT INTO public.person_project
(id, person_id, project_id)
VALUES(7, 1, 3);
INSERT INTO public.person_project
(id, person_id, project_id)
VALUES(8, 1, 1);
INSERT INTO public.person_project
(id, person_id, project_id)
VALUES(9, 1, 5);


INSERT INTO public.timesheet
(id, person_id, start_date, end_date, created_on, created_by, updated_on, updated_by, status, submitted_by, approved_by, submitted_on, approved_on, user_comments, approver_comments)
VALUES(1, 1, '2020-01-06', '2020-01-13', '2020-11-16 15:38:32.400', 'Joe Admin1', '2020-11-16 15:46:42.295', 'Karen Manager1', 'Approved', 'Joe Admin1', 'Karen Manager1', '2020-11-16 15:40:30.808', '2020-11-16 15:46:42.294', '', '');
INSERT INTO public.timesheet
(id, person_id, start_date, end_date, created_on, created_by, updated_on, updated_by, status, submitted_by, approved_by, submitted_on, approved_on, user_comments, approver_comments)
VALUES(2, 1, '2020-01-13', '2020-01-20', '2020-11-16 15:38:49.088', 'Joe Admin1', '2020-11-16 15:46:59.764', 'Karen Manager1', 'Approved', 'Joe Admin1', 'Karen Manager1', '2020-11-16 15:41:41.752', '2020-11-16 15:46:59.763', '', '');
INSERT INTO public.timesheet
(id, person_id, start_date, end_date, created_on, created_by, updated_on, updated_by, status, submitted_by, approved_by, submitted_on, approved_on, user_comments, approver_comments)
VALUES(3, 1, '2020-01-20', '2020-01-27', '2020-11-16 15:39:00.525', 'Joe Admin1', '2020-11-16 15:47:19.858', 'Karen Manager1', 'Approved', 'Joe Admin1', 'Karen Manager1', '2020-11-16 15:42:49.277', '2020-11-16 15:47:19.858', '', 'Some comments');
INSERT INTO public.timesheet
(id, person_id, start_date, end_date, created_on, created_by, updated_on, updated_by, status, submitted_by, approved_by, submitted_on, approved_on, user_comments, approver_comments)
VALUES(4, 1, '2020-01-27', '2020-02-03', '2020-11-16 15:39:16.802', 'Joe Admin1', '2020-11-16 15:45:00.915', 'Joe Admin1', 'Pending Approval', 'Joe Admin1', NULL, '2020-11-16 15:45:00.915', NULL, 'Was sick on wednesday', NULL);
INSERT INTO public.timesheet
(id, person_id, start_date, end_date, created_on, created_by, updated_on, updated_by, status, submitted_by, approved_by, submitted_on, approved_on, user_comments, approver_comments)
VALUES(5, 1, '2020-02-03', '2020-02-10', '2020-11-16 15:39:43.921', 'Joe Admin1', '2020-11-16 15:45:56.773', 'Joe Admin1', 'Draft', NULL, NULL, NULL, NULL, '', NULL);
INSERT INTO public.timesheet
(id, person_id, start_date, end_date, created_on, created_by, updated_on, updated_by, status, submitted_by, approved_by, submitted_on, approved_on, user_comments, approver_comments)
VALUES(6, 3, '2020-03-02', '2020-03-09', '2020-11-16 15:49:32.485', 'Greg User1', '2020-11-16 15:52:46.177', 'Karen Manager1', 'Approved', 'Greg User1', 'Karen Manager1', '2020-11-16 15:49:45.286', '2020-11-16 15:52:46.177', '', '');
INSERT INTO public.timesheet
(id, person_id, start_date, end_date, created_on, created_by, updated_on, updated_by, status, submitted_by, approved_by, submitted_on, approved_on, user_comments, approver_comments)
VALUES(7, 3, '2020-03-09', '2020-03-16', '2020-11-16 15:50:11.591', 'Greg User1', '2020-11-16 15:50:25.051', 'Greg User1', 'Pending Approval', 'Greg User1', NULL, '2020-11-16 15:50:25.051', NULL, '', NULL);
INSERT INTO public.timesheet
(id, person_id, start_date, end_date, created_on, created_by, updated_on, updated_by, status, submitted_by, approved_by, submitted_on, approved_on, user_comments, approver_comments)
VALUES(8, 3, '2020-03-16', '2020-03-23', '2020-11-16 15:51:49.241', 'Greg User1', '2020-11-16 15:51:59.758', 'Greg User1', 'Draft', NULL, NULL, NULL, NULL, '', NULL);

INSERT INTO public.timesheet_line
(id, timesheet_id, project_id)
VALUES(1, 1, 3);
INSERT INTO public.timesheet_line
(id, timesheet_id, project_id)
VALUES(2, 1, 1);
INSERT INTO public.timesheet_line
(id, timesheet_id, project_id)
VALUES(3, 1, 5);
INSERT INTO public.timesheet_line
(id, timesheet_id, project_id)
VALUES(4, 2, 5);
INSERT INTO public.timesheet_line
(id, timesheet_id, project_id)
VALUES(5, 2, 1);
INSERT INTO public.timesheet_line
(id, timesheet_id, project_id)
VALUES(6, 3, 1);
INSERT INTO public.timesheet_line
(id, timesheet_id, project_id)
VALUES(7, 3, 3);
INSERT INTO public.timesheet_line
(id, timesheet_id, project_id)
VALUES(8, 3, 5);
INSERT INTO public.timesheet_line
(id, timesheet_id, project_id)
VALUES(9, 4, 3);
INSERT INTO public.timesheet_line
(id, timesheet_id, project_id)
VALUES(10, 4, 1);
INSERT INTO public.timesheet_line
(id, timesheet_id, project_id)
VALUES(11, 4, 5);
INSERT INTO public.timesheet_line
(id, timesheet_id, project_id)
VALUES(12, 5, 3);
INSERT INTO public.timesheet_line
(id, timesheet_id, project_id)
VALUES(13, 5, 1);
INSERT INTO public.timesheet_line
(id, timesheet_id, project_id)
VALUES(14, 5, 5);
INSERT INTO public.timesheet_line
(id, timesheet_id, project_id)
VALUES(15, 6, 1);
INSERT INTO public.timesheet_line
(id, timesheet_id, project_id)
VALUES(16, 6, 4);
INSERT INTO public.timesheet_line
(id, timesheet_id, project_id)
VALUES(17, 6, 2);
INSERT INTO public.timesheet_line
(id, timesheet_id, project_id)
VALUES(18, 7, 4);
INSERT INTO public.timesheet_line
(id, timesheet_id, project_id)
VALUES(19, 7, 3);
INSERT INTO public.timesheet_line
(id, timesheet_id, project_id)
VALUES(20, 8, 2);
INSERT INTO public.timesheet_line
(id, timesheet_id, project_id)
VALUES(21, 8, 1);

INSERT INTO public.time_entry
(timesheet_line_id, entry_date, entry_hours)
VALUES(1, '2020-01-07', 2.00);
INSERT INTO public.time_entry
(timesheet_line_id, entry_date, entry_hours)
VALUES(1, '2020-01-08', 2.00);
INSERT INTO public.time_entry
(timesheet_line_id, entry_date, entry_hours)
VALUES(1, '2020-01-09', NULL);
INSERT INTO public.time_entry
(timesheet_line_id, entry_date, entry_hours)
VALUES(1, '2020-01-06', 2.00);
INSERT INTO public.time_entry
(timesheet_line_id, entry_date, entry_hours)
VALUES(1, '2020-01-10', NULL);
INSERT INTO public.time_entry
(timesheet_line_id, entry_date, entry_hours)
VALUES(1, '2020-01-11', NULL);
INSERT INTO public.time_entry
(timesheet_line_id, entry_date, entry_hours)
VALUES(1, '2020-01-12', NULL);
INSERT INTO public.time_entry
(timesheet_line_id, entry_date, entry_hours)
VALUES(2, '2020-01-06', 2.00);
INSERT INTO public.time_entry
(timesheet_line_id, entry_date, entry_hours)
VALUES(2, '2020-01-07', 2.00);
INSERT INTO public.time_entry
(timesheet_line_id, entry_date, entry_hours)
VALUES(2, '2020-01-08', 2.00);
INSERT INTO public.time_entry
(timesheet_line_id, entry_date, entry_hours)
VALUES(2, '2020-01-09', 2.00);
INSERT INTO public.time_entry
(timesheet_line_id, entry_date, entry_hours)
VALUES(2, '2020-01-10', NULL);
INSERT INTO public.time_entry
(timesheet_line_id, entry_date, entry_hours)
VALUES(2, '2020-01-11', NULL);
INSERT INTO public.time_entry
(timesheet_line_id, entry_date, entry_hours)
VALUES(2, '2020-01-12', NULL);
INSERT INTO public.time_entry
(timesheet_line_id, entry_date, entry_hours)
VALUES(3, '2020-01-06', 4.00);
INSERT INTO public.time_entry
(timesheet_line_id, entry_date, entry_hours)
VALUES(3, '2020-01-07', 4.00);
INSERT INTO public.time_entry
(timesheet_line_id, entry_date, entry_hours)
VALUES(3, '2020-01-08', 4.00);
INSERT INTO public.time_entry
(timesheet_line_id, entry_date, entry_hours)
VALUES(3, '2020-01-09', 6.00);
INSERT INTO public.time_entry
(timesheet_line_id, entry_date, entry_hours)
VALUES(3, '2020-01-10', 8.00);
INSERT INTO public.time_entry
(timesheet_line_id, entry_date, entry_hours)
VALUES(3, '2020-01-11', NULL);
INSERT INTO public.time_entry
(timesheet_line_id, entry_date, entry_hours)
VALUES(3, '2020-01-12', NULL);
INSERT INTO public.time_entry
(timesheet_line_id, entry_date, entry_hours)
VALUES(4, '2020-01-13', 4.00);
INSERT INTO public.time_entry
(timesheet_line_id, entry_date, entry_hours)
VALUES(4, '2020-01-14', 4.00);
INSERT INTO public.time_entry
(timesheet_line_id, entry_date, entry_hours)
VALUES(4, '2020-01-15', 2.00);
INSERT INTO public.time_entry
(timesheet_line_id, entry_date, entry_hours)
VALUES(4, '2020-01-16', 2.00);
INSERT INTO public.time_entry
(timesheet_line_id, entry_date, entry_hours)
VALUES(4, '2020-01-17', 2.00);
INSERT INTO public.time_entry
(timesheet_line_id, entry_date, entry_hours)
VALUES(4, '2020-01-18', NULL);
INSERT INTO public.time_entry
(timesheet_line_id, entry_date, entry_hours)
VALUES(4, '2020-01-19', NULL);
INSERT INTO public.time_entry
(timesheet_line_id, entry_date, entry_hours)
VALUES(5, '2020-01-13', 4.00);
INSERT INTO public.time_entry
(timesheet_line_id, entry_date, entry_hours)
VALUES(5, '2020-01-14', 4.00);
INSERT INTO public.time_entry
(timesheet_line_id, entry_date, entry_hours)
VALUES(5, '2020-01-15', 6.00);
INSERT INTO public.time_entry
(timesheet_line_id, entry_date, entry_hours)
VALUES(5, '2020-01-16', 6.00);
INSERT INTO public.time_entry
(timesheet_line_id, entry_date, entry_hours)
VALUES(5, '2020-01-17', 6.00);
INSERT INTO public.time_entry
(timesheet_line_id, entry_date, entry_hours)
VALUES(5, '2020-01-18', NULL);
INSERT INTO public.time_entry
(timesheet_line_id, entry_date, entry_hours)
VALUES(5, '2020-01-19', NULL);
INSERT INTO public.time_entry
(timesheet_line_id, entry_date, entry_hours)
VALUES(6, '2020-01-20', 4.00);
INSERT INTO public.time_entry
(timesheet_line_id, entry_date, entry_hours)
VALUES(6, '2020-01-21', 4.00);
INSERT INTO public.time_entry
(timesheet_line_id, entry_date, entry_hours)
VALUES(6, '2020-01-22', 2.00);
INSERT INTO public.time_entry
(timesheet_line_id, entry_date, entry_hours)
VALUES(6, '2020-01-23', 2.00);
INSERT INTO public.time_entry
(timesheet_line_id, entry_date, entry_hours)
VALUES(6, '2020-01-24', 1.00);
INSERT INTO public.time_entry
(timesheet_line_id, entry_date, entry_hours)
VALUES(6, '2020-01-25', NULL);
INSERT INTO public.time_entry
(timesheet_line_id, entry_date, entry_hours)
VALUES(6, '2020-01-26', NULL);
INSERT INTO public.time_entry
(timesheet_line_id, entry_date, entry_hours)
VALUES(7, '2020-01-20', 2.00);
INSERT INTO public.time_entry
(timesheet_line_id, entry_date, entry_hours)
VALUES(7, '2020-01-21', 2.00);
INSERT INTO public.time_entry
(timesheet_line_id, entry_date, entry_hours)
VALUES(7, '2020-01-22', 4.00);
INSERT INTO public.time_entry
(timesheet_line_id, entry_date, entry_hours)
VALUES(7, '2020-01-23', 2.00);
INSERT INTO public.time_entry
(timesheet_line_id, entry_date, entry_hours)
VALUES(7, '2020-01-24', 3.00);
INSERT INTO public.time_entry
(timesheet_line_id, entry_date, entry_hours)
VALUES(7, '2020-01-25', NULL);
INSERT INTO public.time_entry
(timesheet_line_id, entry_date, entry_hours)
VALUES(7, '2020-01-26', NULL);
INSERT INTO public.time_entry
(timesheet_line_id, entry_date, entry_hours)
VALUES(8, '2020-01-20', 2.00);
INSERT INTO public.time_entry
(timesheet_line_id, entry_date, entry_hours)
VALUES(8, '2020-01-21', 2.00);
INSERT INTO public.time_entry
(timesheet_line_id, entry_date, entry_hours)
VALUES(8, '2020-01-22', 2.00);
INSERT INTO public.time_entry
(timesheet_line_id, entry_date, entry_hours)
VALUES(8, '2020-01-23', 4.00);
INSERT INTO public.time_entry
(timesheet_line_id, entry_date, entry_hours)
VALUES(8, '2020-01-24', 4.00);
INSERT INTO public.time_entry
(timesheet_line_id, entry_date, entry_hours)
VALUES(8, '2020-01-25', NULL);
INSERT INTO public.time_entry
(timesheet_line_id, entry_date, entry_hours)
VALUES(8, '2020-01-26', NULL);
INSERT INTO public.time_entry
(timesheet_line_id, entry_date, entry_hours)
VALUES(9, '2020-02-02', NULL);
INSERT INTO public.time_entry
(timesheet_line_id, entry_date, entry_hours)
VALUES(9, '2020-02-01', NULL);
INSERT INTO public.time_entry
(timesheet_line_id, entry_date, entry_hours)
VALUES(9, '2020-01-31', NULL);
INSERT INTO public.time_entry
(timesheet_line_id, entry_date, entry_hours)
VALUES(9, '2020-01-30', NULL);
INSERT INTO public.time_entry
(timesheet_line_id, entry_date, entry_hours)
VALUES(9, '2020-01-29', NULL);
INSERT INTO public.time_entry
(timesheet_line_id, entry_date, entry_hours)
VALUES(9, '2020-01-28', NULL);
INSERT INTO public.time_entry
(timesheet_line_id, entry_date, entry_hours)
VALUES(9, '2020-01-27', 4.00);
INSERT INTO public.time_entry
(timesheet_line_id, entry_date, entry_hours)
VALUES(10, '2020-01-27', 2.00);
INSERT INTO public.time_entry
(timesheet_line_id, entry_date, entry_hours)
VALUES(10, '2020-01-28', 5.00);
INSERT INTO public.time_entry
(timesheet_line_id, entry_date, entry_hours)
VALUES(10, '2020-01-29', NULL);
INSERT INTO public.time_entry
(timesheet_line_id, entry_date, entry_hours)
VALUES(10, '2020-01-30', 8.00);
INSERT INTO public.time_entry
(timesheet_line_id, entry_date, entry_hours)
VALUES(10, '2020-01-31', NULL);
INSERT INTO public.time_entry
(timesheet_line_id, entry_date, entry_hours)
VALUES(10, '2020-02-01', NULL);
INSERT INTO public.time_entry
(timesheet_line_id, entry_date, entry_hours)
VALUES(10, '2020-02-02', NULL);
INSERT INTO public.time_entry
(timesheet_line_id, entry_date, entry_hours)
VALUES(11, '2020-01-30', NULL);
INSERT INTO public.time_entry
(timesheet_line_id, entry_date, entry_hours)
VALUES(11, '2020-01-27', 2.00);
INSERT INTO public.time_entry
(timesheet_line_id, entry_date, entry_hours)
VALUES(11, '2020-01-28', 3.00);
INSERT INTO public.time_entry
(timesheet_line_id, entry_date, entry_hours)
VALUES(11, '2020-01-29', NULL);
INSERT INTO public.time_entry
(timesheet_line_id, entry_date, entry_hours)
VALUES(11, '2020-01-31', 8.00);
INSERT INTO public.time_entry
(timesheet_line_id, entry_date, entry_hours)
VALUES(11, '2020-02-01', NULL);
INSERT INTO public.time_entry
(timesheet_line_id, entry_date, entry_hours)
VALUES(11, '2020-02-02', NULL);
INSERT INTO public.time_entry
(timesheet_line_id, entry_date, entry_hours)
VALUES(12, '2020-02-03', 4.00);
INSERT INTO public.time_entry
(timesheet_line_id, entry_date, entry_hours)
VALUES(12, '2020-02-09', NULL);
INSERT INTO public.time_entry
(timesheet_line_id, entry_date, entry_hours)
VALUES(12, '2020-02-08', NULL);
INSERT INTO public.time_entry
(timesheet_line_id, entry_date, entry_hours)
VALUES(12, '2020-02-07', 6.00);
INSERT INTO public.time_entry
(timesheet_line_id, entry_date, entry_hours)
VALUES(12, '2020-02-06', NULL);
INSERT INTO public.time_entry
(timesheet_line_id, entry_date, entry_hours)
VALUES(12, '2020-02-05', 4.00);
INSERT INTO public.time_entry
(timesheet_line_id, entry_date, entry_hours)
VALUES(12, '2020-02-04', NULL);
INSERT INTO public.time_entry
(timesheet_line_id, entry_date, entry_hours)
VALUES(13, '2020-02-07', 2.00);
INSERT INTO public.time_entry
(timesheet_line_id, entry_date, entry_hours)
VALUES(13, '2020-02-09', NULL);
INSERT INTO public.time_entry
(timesheet_line_id, entry_date, entry_hours)
VALUES(13, '2020-02-08', NULL);
INSERT INTO public.time_entry
(timesheet_line_id, entry_date, entry_hours)
VALUES(13, '2020-02-03', 2.00);
INSERT INTO public.time_entry
(timesheet_line_id, entry_date, entry_hours)
VALUES(13, '2020-02-06', NULL);
INSERT INTO public.time_entry
(timesheet_line_id, entry_date, entry_hours)
VALUES(13, '2020-02-05', 4.00);
INSERT INTO public.time_entry
(timesheet_line_id, entry_date, entry_hours)
VALUES(13, '2020-02-04', 8.00);
INSERT INTO public.time_entry
(timesheet_line_id, entry_date, entry_hours)
VALUES(14, '2020-02-03', 2.00);
INSERT INTO public.time_entry
(timesheet_line_id, entry_date, entry_hours)
VALUES(14, '2020-02-04', NULL);
INSERT INTO public.time_entry
(timesheet_line_id, entry_date, entry_hours)
VALUES(14, '2020-02-05', NULL);
INSERT INTO public.time_entry
(timesheet_line_id, entry_date, entry_hours)
VALUES(14, '2020-02-06', 8.00);
INSERT INTO public.time_entry
(timesheet_line_id, entry_date, entry_hours)
VALUES(14, '2020-02-07', NULL);
INSERT INTO public.time_entry
(timesheet_line_id, entry_date, entry_hours)
VALUES(14, '2020-02-08', NULL);
INSERT INTO public.time_entry
(timesheet_line_id, entry_date, entry_hours)
VALUES(14, '2020-02-09', NULL);
INSERT INTO public.time_entry
(timesheet_line_id, entry_date, entry_hours)
VALUES(15, '2020-03-08', NULL);
INSERT INTO public.time_entry
(timesheet_line_id, entry_date, entry_hours)
VALUES(15, '2020-03-02', NULL);
INSERT INTO public.time_entry
(timesheet_line_id, entry_date, entry_hours)
VALUES(15, '2020-03-03', 4.00);
INSERT INTO public.time_entry
(timesheet_line_id, entry_date, entry_hours)
VALUES(15, '2020-03-04', 4.00);
INSERT INTO public.time_entry
(timesheet_line_id, entry_date, entry_hours)
VALUES(15, '2020-03-05', NULL);
INSERT INTO public.time_entry
(timesheet_line_id, entry_date, entry_hours)
VALUES(15, '2020-03-06', NULL);
INSERT INTO public.time_entry
(timesheet_line_id, entry_date, entry_hours)
VALUES(15, '2020-03-07', NULL);
INSERT INTO public.time_entry
(timesheet_line_id, entry_date, entry_hours)
VALUES(16, '2020-03-08', NULL);
INSERT INTO public.time_entry
(timesheet_line_id, entry_date, entry_hours)
VALUES(16, '2020-03-02', 4.00);
INSERT INTO public.time_entry
(timesheet_line_id, entry_date, entry_hours)
VALUES(16, '2020-03-03', 4.00);
INSERT INTO public.time_entry
(timesheet_line_id, entry_date, entry_hours)
VALUES(16, '2020-03-04', 4.00);
INSERT INTO public.time_entry
(timesheet_line_id, entry_date, entry_hours)
VALUES(16, '2020-03-05', NULL);
INSERT INTO public.time_entry
(timesheet_line_id, entry_date, entry_hours)
VALUES(16, '2020-03-06', 4.00);
INSERT INTO public.time_entry
(timesheet_line_id, entry_date, entry_hours)
VALUES(16, '2020-03-07', NULL);
INSERT INTO public.time_entry
(timesheet_line_id, entry_date, entry_hours)
VALUES(17, '2020-03-02', 4.00);
INSERT INTO public.time_entry
(timesheet_line_id, entry_date, entry_hours)
VALUES(17, '2020-03-03', NULL);
INSERT INTO public.time_entry
(timesheet_line_id, entry_date, entry_hours)
VALUES(17, '2020-03-04', NULL);
INSERT INTO public.time_entry
(timesheet_line_id, entry_date, entry_hours)
VALUES(17, '2020-03-05', 8.00);
INSERT INTO public.time_entry
(timesheet_line_id, entry_date, entry_hours)
VALUES(17, '2020-03-06', 4.00);
INSERT INTO public.time_entry
(timesheet_line_id, entry_date, entry_hours)
VALUES(17, '2020-03-07', NULL);
INSERT INTO public.time_entry
(timesheet_line_id, entry_date, entry_hours)
VALUES(17, '2020-03-08', NULL);
INSERT INTO public.time_entry
(timesheet_line_id, entry_date, entry_hours)
VALUES(18, '2020-03-14', NULL);
INSERT INTO public.time_entry
(timesheet_line_id, entry_date, entry_hours)
VALUES(18, '2020-03-09', 8.00);
INSERT INTO public.time_entry
(timesheet_line_id, entry_date, entry_hours)
VALUES(18, '2020-03-10', 8.00);
INSERT INTO public.time_entry
(timesheet_line_id, entry_date, entry_hours)
VALUES(18, '2020-03-11', 8.00);
INSERT INTO public.time_entry
(timesheet_line_id, entry_date, entry_hours)
VALUES(18, '2020-03-12', NULL);
INSERT INTO public.time_entry
(timesheet_line_id, entry_date, entry_hours)
VALUES(18, '2020-03-13', NULL);
INSERT INTO public.time_entry
(timesheet_line_id, entry_date, entry_hours)
VALUES(18, '2020-03-15', NULL);
INSERT INTO public.time_entry
(timesheet_line_id, entry_date, entry_hours)
VALUES(19, '2020-03-10', NULL);
INSERT INTO public.time_entry
(timesheet_line_id, entry_date, entry_hours)
VALUES(19, '2020-03-09', NULL);
INSERT INTO public.time_entry
(timesheet_line_id, entry_date, entry_hours)
VALUES(19, '2020-03-15', NULL);
INSERT INTO public.time_entry
(timesheet_line_id, entry_date, entry_hours)
VALUES(19, '2020-03-14', NULL);
INSERT INTO public.time_entry
(timesheet_line_id, entry_date, entry_hours)
VALUES(19, '2020-03-13', 8.00);
INSERT INTO public.time_entry
(timesheet_line_id, entry_date, entry_hours)
VALUES(19, '2020-03-12', 8.00);
INSERT INTO public.time_entry
(timesheet_line_id, entry_date, entry_hours)
VALUES(19, '2020-03-11', NULL);
INSERT INTO public.time_entry
(timesheet_line_id, entry_date, entry_hours)
VALUES(20, '2020-03-21', 8.00);
INSERT INTO public.time_entry
(timesheet_line_id, entry_date, entry_hours)
VALUES(20, '2020-03-16', 4.00);
INSERT INTO public.time_entry
(timesheet_line_id, entry_date, entry_hours)
VALUES(20, '2020-03-17', 2.00);
INSERT INTO public.time_entry
(timesheet_line_id, entry_date, entry_hours)
VALUES(20, '2020-03-18', 8.00);
INSERT INTO public.time_entry
(timesheet_line_id, entry_date, entry_hours)
VALUES(20, '2020-03-19', 4.00);
INSERT INTO public.time_entry
(timesheet_line_id, entry_date, entry_hours)
VALUES(20, '2020-03-20', NULL);
INSERT INTO public.time_entry
(timesheet_line_id, entry_date, entry_hours)
VALUES(20, '2020-03-22', NULL);
INSERT INTO public.time_entry
(timesheet_line_id, entry_date, entry_hours)
VALUES(21, '2020-03-22', NULL);
INSERT INTO public.time_entry
(timesheet_line_id, entry_date, entry_hours)
VALUES(21, '2020-03-17', 6.00);
INSERT INTO public.time_entry
(timesheet_line_id, entry_date, entry_hours)
VALUES(21, '2020-03-18', NULL);
INSERT INTO public.time_entry
(timesheet_line_id, entry_date, entry_hours)
VALUES(21, '2020-03-19', 4.00);
INSERT INTO public.time_entry
(timesheet_line_id, entry_date, entry_hours)
VALUES(21, '2020-03-20', NULL);
INSERT INTO public.time_entry
(timesheet_line_id, entry_date, entry_hours)
VALUES(21, '2020-03-16', 4.00);
INSERT INTO public.time_entry
(timesheet_line_id, entry_date, entry_hours)
VALUES(21, '2020-03-21', NULL);


alter sequence person_credential_id_seq RESTART WITH 1001;
alter sequence person_id_seq RESTART WITH 1001;
alter sequence person_project_id_seq RESTART WITH 1001;
alter sequence project_id_seq RESTART WITH 1001;
alter sequence timesheet_id_seq RESTART WITH 1001;
alter sequence timesheet_line_id_seq RESTART WITH 1001;

